3100104;82;223.37;219.66;66;0;1
3100203;233;245.61;242.77;187;3;11
3100302;152;224.93;231.78;120;0;2
3100401;77;181.54;185.77;55;1;1
3100500;140;213.14;208.91;102;1;4
3100609;264;181.79;185.74;186;4;4
3100708;31;276.78;263.95;29;0;2
3100807;57;206.49;213.31;43;0;1
3100906;347;186.19;184.25;243;1;14
3101003;241;221.55;215.49;202;5;3
3101102;368;191.07;191.41;246;4;12
3101201;79;220.89;228.77;59;0;3
3101300;44;244.41;248.1;38;0;1
3101409;43;200.21;197.13;31;1;0
3101508;311;170.04;170.76;174;4;21
3101607;852;197.3;199.08;568;9;35
3101631;103;171.71;180.26;64;1;1
3101706;542;190.5;187.46;363;11;22
3101805;120;196.17;196.51;88;1;3
3101904;233;228.23;234.05;181;2;9
3102001;157;212.44;220.43;111;2;6
3102050;53;236.39;233.55;42;1;0
3102100;160;226.43;229.12;136;0;0
3102209;60;207.53;218.72;43;1;2
3102308;216;205.74;215.97;185;2;10
3102407;90;166.6;163.3;60;1;2
3102506;63;212.43;202.91;48;0;0
3102605;342;223.14;227.7;259;5;15
3102704;163;221.72;222.9;139;0;4
3102803;132;220.58;219.92;98;1;8
3102852;214;183.76;184.9;147;4;3
3102902;140;188.15;190.92;96;0;6
3103009;154;220.63;221.41;121;2;4
3103108;41;215.33;213.37;29;2;1
3103207;44;182.32;181.5;29;0;2
3103306;18;148.11;173.43;11;0;0
3103405;514;197.81;193.45;378;7;17
3103504;1221;227.62;224.22;917;19;72
3103603;50;205.48;204.62;41;0;0
3103702;133;226.39;232.05;111;1;3
3103751;75;223.07;229.51;53;0;7
3103801;34;270.28;282.92;30;0;2
3103900;120;227.7;232.15;95;0;3
3104007;1170;227.78;230.27;878;14;67
3104106;148;203.02;205.48;111;0;10
3104205;451;221.03;221.65;332;4;29
3104304;174;226.18;231.77;131;2;4
3104403;40;213.99;213.55;31;0;0
3104452;97;214.71;214.13;75;0;1
3104502;336;188.53;185.37;231;3;8
3104601;103;236.11;237.51;85;1;4
3104700;215;171.4;173.78;145;1;5
3104809;87;232.2;223.24;70;0;3
3104908;208;224.65;223.43;163;2;10
3105004;131;198.78;199.2;97;1;0
3105103;237;196.66;199.55;160;4;9
3105202;79;209.51;212.21;64;0;2
3105301;86;243.24;245.13;76;0;0
3105400;376;227.47;227.01;290;4;16
3105509;112;204.7;202.71;87;1;1
3105608;1412;215.15;221.68;1006;16;80
3105707;54;206.4;211.79;42;0;0
3105905;260;209.48;214.13;187;2;10
3106002;141;181.4;181.42;93;1;5
3106101;51;162.27;158.04;29;0;1
3106200;24469;205.85;207.11;15866;514;1890
3106309;310;201.89;207.88;230;2;13
3106408;152;168.81;174.63;98;2;2
3106507;116;228.26;225.1;97;0;1
3106606;80;205.28;200.72;64;3;1
3106655;80;217.47;219.02;64;0;1
3106705;5548;215.24;214.32;3951;68;307
3106804;57;145.79;150.42;28;0;3
3106903;126;215.37;220.61;82;2;15
3107000;29;227.69;237.32;22;0;2
3107109;584;245.22;246.79;478;4;27
3107208;39;244.15;245.72;33;0;1
3107307;742;185.79;185.39;509;9;19
3107406;675;217.82;218.25;506;8;30
3107505;84;225.92;232.02;70;0;0
3107604;64;240.86;243.14;54;1;0
3107703;125;212.38;221.39;94;3;4
3107802;228;189.94;191.34;155;1;3
3107901;181;168.29;173.55;116;0;0
3108008;287;230.22;234.65;238;2;8
3108107;85;208.68;212.21;62;1;3
3108206;106;212.59;216.75;86;0;0
3108255;215;144.67;138.68;120;3;6
3108305;167;239.16;248.32;132;2;4
3108404;179;232.53;232.56;144;2;7
3108503;143;196.91;200.89;100;3;3
3108552;338;200.96;198.82;247;2;5
3108602;488;178.34;176.68;307;3;8
3108701;68;229.63;228.37;57;0;0
3108800;51;116.09;119.65;23;0;0
3108909;182;216.43;228.94;137;1;5
3109006;437;216.73;220.72;317;4;12
3109105;137;190.96;200.28;87;1;4
3109204;113;227.38;222.37;95;0;6
3109253;74;202.83;207.12;58;0;1
3109303;493;206.53;206.66;361;4;24
3109402;395;179.93;174.41;273;8;6
3109451;127;176.32;180.5;87;2;1
3109501;153;219.09;226.94;121;0;3
3109600;53;254.54;249.04;47;1;1
3109709;142;200.73;204.2;101;0;3
3109808;30;234.03;237.91;25;0;1
3109907;108;229.93;224.58;85;1;3
3110004;549;189.42;194.18;359;9;13
3110103;69;166.79;166.47;49;1;0
3110202;65;190.36;197.09;46;1;1
3110301;139;216.9;218.12;112;0;0
3110400;32;256.08;258.45;29;0;0
3110509;300;185.51;188.31;201;4;13
3110608;325;211.05;205.15;242;3;9
3110707;181;201.54;198.75;133;3;2
3110806;64;184.3;182.69;43;1;0
3110905;208;181.13;180.67;137;2;7
3111002;193;214.83;213.13;143;0;3
3111101;221;190.24;191.66;146;3;12
3111150;62;223.48;220.57;41;1;2
3111200;571;205.3;209.86;400;8;27
3111309;162;174.15;174.59;105;0;4
3111408;94;208.04;207.12;76;0;0
3111507;189;210.57;206.92;144;1;2
3111606;339;207.41;214.17;257;2;9
3111705;22;273.01;279.46;22;0;0
3111804;132;218.77;221.4;102;1;2
3111903;73;193.5;194.99;53;0;3
3112000;153;218.77;215.69;113;2;3
3112059;56;141.47;138.2;30;0;0
3112109;94;207.11;205.95;72;0;3
3112208;52;205.93;216.54;39;0;1
3112307;679;228.07;232.03;560;6;6
3112406;101;245.0;246.14;83;0;3
3112505;143;184.34;185.25;96;2;11
3112604;180;193.99;186.91;123;2;7
3112653;52;211.05;213.47;40;0;2
3112703;278;174.69;173.64;176;8;11
3112802;111;218.26;219.99;81;1;3
3112901;101;159.5;161.06;67;0;0
3113008;443;193.99;195.43;320;10;12
3113107;62;204.58;204.05;45;0;0
3113206;360;201.68;205.44;256;0;6
3113305;322;178.07;175.98;220;3;12
3113404;1148;202.93;201.18;821;11;47
3113503;130;210.48;218.27;105;1;0
3113602;93;186.3;182.67;67;1;2
3113701;289;197.42;191.72;200;1;16
3113800;36;203.67;206.65;27;0;1
3113909;180;209.1;209.2;135;0;4
3114006;182;205.9;206.17;145;2;5
3114105;174;209.08;208.96;128;4;0
3114204;311;192.73;195.31;214;2;15
3114303;400;227.21;228.61;315;1;14
3114402;212;220.06;224.21;172;1;7
3114501;275;216.73;220.13;214;6;5
3114550;129;201.79;202.96;93;2;4
3114600;70;211.03;221.13;58;0;0
3114709;47;260.17;255.08;40;0;0
3114808;57;212.08;220.2;46;1;1
3114907;46;180.21;189.86;32;0;0
3115003;46;230.0;240.7;37;0;1
3115102;261;187.83;195.42;180;1;7
3115201;59;223.73;230.82;49;0;2
3115300;554;203.72;198.06;370;5;41
3115359;74;218.35;221.26;55;0;2
3115409;56;221.23;205.51;43;2;0
3115458;165;207.01;209.96;124;2;3
3115474;100;217.35;219.54;83;2;3
3115508;267;176.42;175.88;181;4;5
3115607;19;209.26;217.01;14;1;0
3115706;107;210.4;210.24;72;3;7
3115805;99;230.63;229.98;83;0;3
3115904;35;252.93;252.99;29;1;0
3116001;92;162.79;167.22;54;3;2
3116100;243;207.35;203.9;185;5;6
3116159;262;193.95;194.84;193;3;9
3116209;38;227.12;219.48;34;0;0
3116308;60;219.54;226.23;48;1;0
3116407;78;222.16;219.54;65;0;2
3116506;107;196.0;188.43;76;1;2
3116605;435;231.17;235.53;344;3;9
3116704;123;214.57;220.11;84;0;9
3116803;146;227.6;234.88;122;1;0
3116902;51;226.07;221.37;42;0;1
3117009;114;185.38;189.53;82;0;0
3117108;100;231.62;228.53;76;1;5
3117207;35;228.3;229.89;29;0;0
3117306;359;201.77;204.26;258;10;12
3117405;70;204.23;197.12;55;0;2
3117504;333;166.98;170.38;210;1;19
3117603;71;206.27;211.31;46;0;6
3117702;208;210.44;214.04;161;4;5
3117801;125;239.54;250.91;101;0;3
3117836;154;196.04;194.02;118;4;3
3117876;108;204.01;207.01;86;0;4
3117900;113;221.52;226.62;89;1;2
3118007;666;227.92;223.76;498;11;36
3118106;97;204.97;199.64;72;0;4
3118205;90;182.15;180.63;52;0;6
3118304;1395;230.92;229.85;1028;17;62
3118403;255;214.01;216.11;184;1;9
3118502;16;275.94;271.85;15;0;1
3118601;7380;195.16;195.31;4643;145;531
3118700;147;217.41;220.08;114;0;3
3118809;348;190.73;192.57;251;3;3
3118908;119;210.7;212.91;89;1;3
3119005;45;247.14;253.25;42;0;0
3119104;352;179.14;184.51;228;10;10
3119203;153;187.47;188.73;106;0;1
3119302;408;220.42;221.16;313;0;13
3119401;1190;215.6;217.53;862;12;72
3119500;185;214.15;209.42;146;1;5
3119609;50;204.48;201.0;37;0;0
3119708;49;245.72;247.22;37;1;1
3119807;31;243.4;236.09;26;0;1
3119906;79;264.17;268.52;64;2;4
3119955;79;199.89;204.41;57;0;1
3120003;49;166.54;178.8;32;1;1
3120102;52;235.85;224.04;46;0;2
3120151;130;159.34;154.86;78;4;5
3120201;152;201.42;206.52;110;1;6
3120300;134;174.64;175.42;89;3;9
3120409;107;213.61;212.95;60;0;2
3120508;130;205.53;203.96;98;0;4
3120607;57;229.16;229.55;44;0;4
3120706;90;219.53;226.2;68;2;1
3120805;220;203.43;206.78;160;1;6
3120839;62;213.12;211.0;48;0;0
3120870;143;208.8;207.49;109;2;3
3120904;1020;223.7;219.53;783;9;40
3121001;107;213.52;215.11;83;1;4
3121100;148;216.87;222.16;116;1;4
3121209;110;167.99;175.65;73;0;3
3121258;156;183.03;185.59;108;0;4
3121308;55;195.9;193.94;37;0;1
3121407;105;219.55;221.34;81;1;2
3121506;63;242.12;253.2;50;0;1
3121605;739;186.9;189.31;497;8;33
3121704;69;196.31;202.05;55;0;0
3121803;91;197.71;201.87;62;1;1
3121902;60;208.88;220.6;45;2;2
3122009;258;192.19;194.71;183;1;9
3122108;39;254.61;241.47;35;0;1
3122207;150;192.57;202.3;108;0;2
3122306;2517;228.17;230.86;1946;13;113
3122355;116;194.29;201.75;83;1;4
3122405;102;236.49;231.2;87;2;3
3122454;127;206.07;210.91;99;0;2
3122470;76;213.84;213.73;60;0;2
3122504;75;241.27;240.95;63;0;4
3122603;72;205.63;210.13;60;0;0
3122702;73;227.82;241.56;58;1;1
3122801;43;230.73;231.07;32;0;3
3122900;71;218.03;220.69;54;0;3
3123007;90;226.52;222.87;67;1;7
3123106;113;178.6;174.79;74;1;1
3123205;189;212.41;207.61;129;5;9
3123304;92;251.44;255.1;75;1;2
3123403;34;201.25;206.24;23;1;1
3123502;29;228.66;235.54;27;0;0
3123528;148;208.72;203.29;115;1;3
3123601;374;206.39;203.87;282;3;8
3123700;156;186.89;185.86;107;1;3
3123809;91;176.75;175.45;58;0;2
3123858;96;229.61;237.29;74;0;4
3123908;187;243.59;248.63;161;2;4
3124005;246;219.02;220.21;191;1;8
3124104;1111;187.98;187.48;698;10;43
3124203;288;175.72;172.7;188;1;7
3124302;470;199.84;202.76;347;6;8
3124401;66;196.37;193.02;45;0;1
3124500;127;211.47;219.51;94;0;0
3124609;25;190.87;202.36;15;0;1
3124708;26;193.55;198.26;16;0;1
3124807;93;228.06;220.64;71;1;2
3124906;119;211.81;215.53;91;0;3
3125002;67;154.16;156.42;39;0;3
3125101;430;243.4;255.1;329;12;27
3125200;26;259.95;263.79;23;0;1
3125309;45;193.24;196.68;31;2;1
3125408;96;213.93;214.23;76;1;3
3125507;53;220.46;226.08;44;1;2
3125606;81;218.35;215.42;63;0;4
3125705;197;197.69;197.78;136;3;10
3125804;49;194.72;192.83;34;2;0
3125903;174;158.15;156.36;106;0;2
3125952;45;107.87;117.05;19;1;1
3126000;127;218.52;228.51;93;0;4
3126109;779;222.93;225.56;584;8;29
3126208;149;227.52;227.24;118;2;5
3126307;51;218.17;229.66;36;0;5
3126406;44;254.42;242.38;36;0;0
3126505;130;230.31;229.97;108;0;1
3126604;53;150.89;148.88;30;1;1
3126703;378;181.11;179.64;261;6;17
3126752;92;209.68;204.13;70;1;1
3126802;100;185.84;184.1;72;0;2
3126901;201;148.11;147.33;106;1;7
3126950;63;208.16;214.68;50;0;0
3127008;175;162.34;160.83;107;2;4
3127057;81;158.28;149.96;50;1;1
3127073;123;196.58;196.07;89;3;6
3127107;626;178.73;176.3;387;9;24
3127206;78;211.35;207.8;60;0;2
3127305;97;188.28;183.5;68;1;4
3127339;70;202.06;204.25;55;1;3
3127354;49;212.62;212.19;41;0;1
3127370;51;206.83;209.31;36;0;0
3127388;67;211.99;216.38;54;0;5
3127404;70;219.44;232.14;51;1;1
3127503;119;198.85;201.65;86;1;5
3127602;185;210.52;211.98;146;1;1
3127701;3570;182.06;181.38;2129;81;213
3127800;265;187.88;184.77;182;4;6
3127909;26;212.95;203.6;20;0;0
3128006;543;179.83;178.49;348;5;14
3128105;227;213.33;218.44;176;2;7
3128204;131;200.51;199.16;98;0;1
3128253;80;188.56;190.18;56;0;0
3128303;253;208.68;214.29;187;4;9
3128402;83;247.28;246.36;68;0;2
3128501;30;245.87;259.84;25;0;1
3128600;94;189.33;193.3;64;0;2
3128709;540;223.28;226.19;410;9;11
3128808;60;268.62;271.57;54;1;2
3128907;96;192.75;201.22;66;3;2
3129004;101;235.44;245.28;82;2;2
3129103;71;173.15;176.17;46;0;4
3129202;84;234.35;241.11;69;1;2
3129301;131;212.7;223.1;100;0;7
3129400;77;232.71;230.4;67;1;1
3129509;256;205.71;205.53;174;3;13
3129608;119;189.76;190.22;88;1;1
3129657;134;165.41;169.56;88;0;2
3129707;157;196.86;199.77;115;1;2
3129806;2264;186.88;187.84;1477;32;127
3129905;45;178.42;179.32;30;0;2
3130002;56;220.56;221.09;46;0;2
3130051;144;196.16;199.17;104;2;4
3130101;642;170.1;173.05;366;12;38
3130200;149;220.77;222.33;114;0;3
3130309;58;248.84;256.73;46;1;6
3130408;74;249.77;240.24;65;0;1
3130507;165;229.5;232.08;130;1;3
3130556;122;175.52;175.58;79;0;1
3130606;69;178.65;182.78;44;1;0
3130655;155;217.14;219.52;127;5;3
3130705;82;207.33;208.01;59;1;1
3130804;47;183.42;180.3;33;0;0
3130903;314;202.22;206.5;230;4;8
3131000;92;210.79;209.52;68;1;4
3131109;100;211.98;219.55;82;0;1
3131158;304;206.61;211.28;239;2;7
3131208;256;225.59;221.82;198;3;9
3131307;2802;228.6;229.44;2028;43;163
3131406;62;219.56;213.21;44;1;2
3131505;114;206.2;216.86;79;1;5
3131604;81;206.98;214.36;63;0;1
3131703;1381;207.44;207.95;988;8;52
3131802;141;226.4;221.25;119;0;3
3131901;689;230.53;234.66;519;4;30
3132008;57;211.25;220.56;46;0;0
3132107;307;189.43;187.28;215;1;4
3132206;192;247.44;256.1;168;0;4
3132305;201;185.11;189.05;143;0;5
3132404;871;215.94;218.89;634;13;39
3132503;685;225.89;230.7;540;4;16
3132602;50;211.78;216.15;39;1;1
3132701;385;181.03;182.01;258;7;19
3132800;30;160.29;166.56;17;0;0
3132909;129;227.69;230.34;104;2;2
3133006;153;207.86;215.56;103;3;11
3133105;193;245.44;242.86;154;3;15
3133204;162;192.39;195.2;118;1;3
3133303;360;179.56;180.56;238;4;13
3133402;152;235.47;255.73;123;1;6
3133501;244;201.76;202.03;175;3;7
3133600;173;214.55;217.55;125;2;4
3133709;177;212.03;218.12;129;1;6
3133758;156;264.03;265.95;135;1;5
3133808;1003;217.42;221.2;723;8;53
3133907;92;194.65;197.62;68;2;1
3134004;279;162.81;163.92;179;3;4
3134103;102;185.22;184.13;66;1;2
3134202;1082;220.67;218.99;812;12;47
3134301;91;183.14;179.82;63;1;2
3134400;529;204.19;203.69;363;4;25
3134509;50;215.46;218.72;38;0;4
3134608;301;202.75;209.61;223;5;16
3134707;194;181.92;179.56;141;1;3
3134806;120;228.45;229.51;95;1;2
3134905;259;234.89;228.95;204;4;7
3135001;38;183.37;190.51;25;1;2
3135050;721;190.19;188.66;507;7;20
3135076;59;183.03;191.87;45;1;0
3135100;1173;204.04;205.31;895;9;36
3135209;1087;181.02;177.75;731;8;35
3135308;80;215.42;228.57;56;2;2
3135357;152;210.06;207.51;115;3;2
3135407;74;225.64;235.53;60;0;4
3135456;151;210.04;215.24;113;3;2
3135506;175;192.09;193.52;133;1;2
3135605;119;209.37;201.66;93;0;6
3135704;97;208.67;208.99;68;0;5
3135803;433;176.19;174.76;281;9;23
3135902;77;229.11;232.12;58;0;4
3136009;323;157.24;154.22;186;3;10
3136108;67;179.64;187.78;46;0;1
3136207;867;201.64;202.61;574;9;40
3136306;764;218.11;217.5;566;10;41
3136405;61;196.38;198.79;42;0;1
3136504;193;169.06;166.9;122;4;4
3136520;65;219.06;219.55;52;0;0
3136553;79;239.2;237.54;67;1;0
3136579;96;197.42;197.97;76;1;1
3136603;105;199.05;206.97;79;0;4
3136652;487;210.67;211.45;350;4;11
3136702;5099;174.94;175.18;2908;73;300
3136801;70;191.51;193.72;52;0;2
3136900;133;228.75;251.28;105;0;5
3136959;119;196.26;199.92;88;0;3
3137007;289;174.89;173.34;196;2;6
3137106;111;195.04;196.51;80;1;4
3137205;683;208.46;207.59;484;11;22
3137304;60;190.99;198.81;46;0;0
3137403;186;232.04;235.04;149;1;1
3137502;234;209.73;210.89;165;4;3
3137601;742;187.38;186.45;451;9;44
3137700;251;176.13;178.37;165;3;6
3137809;245;234.07;243.49;178;3;16
3137908;68;224.12;215.64;53;1;3
3138005;69;214.17;222.36;51;0;2
3138104;121;190.18;192.96;83;0;5
3138203;1011;208.51;208.51;702;18;62
3138302;52;199.9;209.54;36;0;1
3138351;90;236.08;238.28;74;2;0
3138401;580;203.19;200.32;413;9;28
3138500;66;172.93;168.28;39;2;0
3138609;167;204.5;206.55;116;0;11
3138625;130;162.9;171.55;77;1;2
3138658;143;186.43;185.83;102;1;2
3138674;92;195.52;198.31;59;1;0
3138682;137;183.91;184.6;92;3;1
3138708;78;215.32;213.39;62;0;0
3138807;243;193.85;197.52;168;0;11
3138906;105;174.51;175.24;72;0;0
3139003;413;201.37;195.47;286;1;24
3139102;37;130.76;137.28;18;0;0
3139201;326;209.69;210.09;250;3;7
3139250;81;187.82;202.0;60;0;0
3139300;412;182.34;181.45;287;1;15
3139409;1132;189.12;193.85;748;6;46
3139508;195;182.85;180.65;130;1;6
3139607;377;217.82;216.35;285;4;16
3139706;116;223.06;228.21;96;0;4
3139805;150;221.99;220.81;119;2;4
3139904;249;201.62;211.32;181;1;3
3140001;665;199.8;201.17;446;6;46
3140100;91;188.45;187.97;68;1;1
3140159;255;145.94;154.22;139;7;9
3140209;39;210.66;209.82;28;0;2
3140308;78;242.13;244.7;68;0;1
3140407;58;233.48;246.3;47;1;1
3140506;196;199.31;200.19;137;0;7
3140530;112;221.28;220.95;90;0;5
3140555;93;181.16;186.32;67;2;1
3140605;84;214.75;209.98;70;0;1
3140704;521;210.63;211.42;368;8;29
3140803;131;199.57;203.73;92;2;7
3140852;212;159.73;155.84;132;1;7
3140902;308;181.6;181.83;206;3;10
3141009;175;227.09;231.98;135;2;4
3141108;471;208.04;204.66;339;5;22
3141207;47;213.42;212.18;35;0;1
3141306;51;228.96;232.55;41;0;2
3141405;345;191.98;193.65;250;2;11
3141504;123;205.82;211.68;95;1;4
3141603;147;166.05;166.82;90;2;5
3141702;72;211.81;210.35;56;1;1
3141801;472;212.99;217.26;371;3;6
3141900;65;220.26;210.96;48;0;2
3142007;203;171.76;168.26;144;2;3
3142106;117;206.8;208.3;85;0;1
3142205;144;193.35;194.13;92;7;9
3142254;98;179.15;172.03;66;2;1
3142304;73;208.6;212.96;55;2;2
3142403;82;209.71;212.73;62;1;1
3142502;47;177.22;176.01;29;0;2
3142601;124;232.06;233.9;100;0;2
3142700;233;201.35;198.12;171;1;9
3142809;212;202.8;188.69;145;1;9
3142908;323;197.45;197.9;229;9;9
3143005;153;236.99;242.47;120;2;3
3143104;615;219.06;220.51;479;2;12
3143153;149;185.11;186.16;108;0;5
3143203;249;213.04;211.05;190;1;8
3143302;4780;204.0;203.91;3206;100;306
3143401;295;194.65;191.99;198;5;4
3143450;135;199.87;198.08;107;0;0
3143500;108;237.59;231.7;84;0;2
3143609;51;218.83;229.26;41;1;0
3143708;62;189.28;193.67;39;1;3
3143807;81;212.67;213.27;64;0;1
3143906;1255;213.17;214.43;910;10;55
3144003;305;222.8;232.58;241;3;10
3144102;216;238.22;242.36;172;0;9
3144201;48;223.37;238.07;36;0;1
3144300;489;185.89;185.53;321;5;24
3144359;101;154.76;150.29;57;1;3
3144375;68;229.36;243.03;56;2;1
3144409;43;255.4;258.51;39;0;0
3144508;128;170.66;174.41;83;1;1
3144607;286;205.2;203.04;214;1;6
3144656;156;189.75;192.12;116;2;5
3144672;66;175.99;173.6;43;3;0
3144706;245;204.1;198.47;172;3;5
3144805;857;185.14;186.36;538;18;41
3144904;36;177.1;197.08;24;0;0
3145000;256;240.46;247.21;216;1;7
3145059;109;185.39;188.52;81;0;3
3145109;227;188.11;193.47;155;2;2
3145208;1233;228.41;229.4;991;7;41
3145307;650;202.58;200.34;492;5;16
3145356;198;176.14;175.01;139;2;4
3145372;90;192.16;198.46;62;0;3
3145406;25;235.88;237.19;22;0;0
3145455;93;187.5;186.84;69;2;2
3145505;37;243.63;251.08;32;0;1
3145604;490;222.2;220.84;397;3;16
3145703;27;225.78;233.44;19;0;1
3145802;41;178.59;183.8;26;2;0
3145851;75;218.93;206.92;60;0;0
3145877;125;174.76;171.7;76;0;3
3145901;374;226.67;230.53;269;1;24
3146008;419;220.86;223.94;333;1;10
3146107;998;190.46;194.17;686;9;26
3146206;118;202.3;199.65;86;1;3
3146255;127;208.05;213.59;99;2;3
3146305;315;188.33;185.55;218;0;5
3146404;58;226.46;241.47;44;0;0
3146503;100;193.58;196.75;72;1;0
3146552;139;196.47;196.4;106;1;1
3146602;16;179.07;194.4;10;0;1
3146701;87;184.9;185.27;60;2;3
3146750;99;167.38;158.46;63;0;1
3146909;172;204.77;206.15;122;2;5
3147006;1200;209.56;207.7;909;17;45
3147105;1279;205.68;208.55;926;5;43
3147204;273;192.33;192.11;186;4;7
3147303;260;199.89;203.78;169;6;17
3147402;264;195.19;197.49;191;4;9
3147501;38;228.39;237.97;30;2;2
3147600;188;192.42;197.06;135;0;2
3147709;99;245.03;257.64;85;0;4
3147808;27;250.64;261.0;24;0;0
3147907;1324;208.32;212.78;932;12;72
3147956;111;191.51;194.45;89;1;1
3148004;1753;222.12;227.1;1312;13;76
3148103;1188;215.5;218.26;894;4;36
3148202;64;248.12;243.84;53;1;4
3148301;124;223.39;234.63;92;0;8
3148400;94;222.9;221.87;79;1;0
3148509;130;195.78;190.47;95;1;2
3148608;249;203.71;202.42;187;1;8
3148707;411;178.24;173.23;286;4;9
3148756;134;216.71;222.84;110;2;1
3148905;48;230.68;235.41;38;1;0
3149002;44;229.9;224.72;33;0;2
3149101;155;234.49;240.23;124;1;3
3149150;195;166.4;167.61;130;3;8
3149200;44;226.37;239.45;38;0;1
3149309;821;209.94;205.89;576;5;36
3149408;24;213.31;221.8;18;0;0
3149507;67;87.46;85.42;21;0;0
3149606;50;200.35;198.77;41;0;0
3149705;165;218.46;220.71;126;0;9
3149804;281;220.07;221.61;210;1;13
3149903;270;186.99;188.52;182;7;8
3149952;132;180.43;170.76;88;1;4
3150000;68;166.69;182.24;47;0;2
3150109;48;166.12;161.85;29;0;2
3150158;129;166.08;175.36;79;1;2
3150208;54;190.42;186.16;39;0;0
3150307;70;193.51;193.24;51;0;3
3150406;63;227.35;232.93;52;0;0
3150505;89;222.15;237.81;69;0;3
3150539;75;229.91;231.47;57;1;4
3150570;114;218.4;217.38;93;2;1
3150604;75;234.34;247.04;62;1;2
3150703;101;138.67;144.25;51;1;2
3150802;277;224.03;232.4;219;6;8
3150901;60;225.81;226.67;46;0;0
3151008;127;249.17;248.4;101;3;8
3151107;105;213.05;213.58;84;0;4
3151206;692;200.82;199.06;500;9;27
3151305;118;241.75;256.0;101;1;2
3151404;379;213.92;217.21;274;7;41
3151503;383;203.73;200.74;264;1;21
3151602;151;169.97;166.36;93;0;7
3151701;153;242.43;247.29;126;0;3
3151800;1541;203.18;205.54;1038;14;80
3151909;94;194.09;195.05;64;1;3
3152006;455;224.92;226.49;365;5;17
3152105;662;190.17;187.64;418;5;29
3152131;85;205.92;199.83;66;0;2
3152170;296;201.49;199.69;223;9;12
3152204;554;199.16;203.65;402;5;18
3152303;116;226.28;230.97;94;0;4
3152402;283;207.93;202.0;217;4;9
3152501;1500;208.72;210.04;1010;24;86
3152600;68;243.91;239.7;60;1;1
3152709;147;203.1;207.43;111;3;0
3152808;360;204.76;207.1;255;7;25
3152907;103;216.57;216.4;81;4;4
3153004;54;205.92;221.59;43;1;1
3153103;100;223.31;232.4;80;0;2
3153202;55;231.65;225.09;45;1;1
3153301;74;221.85;222.79;62;2;2
3153400;272;231.03;232.69;212;3;1
3153509;117;203.17;204.94;86;2;3
3153608;171;192.95;190.88;123;1;4
3153707;54;236.26;227.45;42;1;2
3153806;19;219.49;212.7;12;1;2
3153905;212;212.09;218.01;164;2;4
3154002;303;228.16;226.7;237;1;12
3154101;103;191.42;194.14;71;0;6
3154150;92;229.41;218.87;72;0;3
3154200;155;217.37;227.41;118;0;3
3154309;273;150.93;147.7;131;3;6
3154408;88;207.18;220.78;65;1;4
3154457;99;218.24;227.39;84;3;1
3154507;154;187.37;187.88;98;1;8
3154606;4859;178.47;177.29;3017;53;253
3154705;48;182.7;183.09;31;0;3
3154804;104;190.56;185.63;67;0;5
3154903;138;231.15;218.91;110;1;2
3155009;23;183.44;180.64;16;0;1
3155108;84;195.5;194.46;62;2;2
3155207;81;223.64;227.26;65;2;0
3155306;76;198.78;207.09;51;0;3
3155405;99;208.49;215.77;77;0;3
3155504;185;235.16;238.5;145;2;8
3155603;518;192.05;191.85;377;8;11
3155702;217;213.19;216.97;168;0;5
3155801;145;175.35;172.11;89;1;8
3155900;36;255.17;237.59;30;0;1
3156007;212;204.48;199.51;170;2;3
3156106;52;235.32;234.3;42;1;0
3156205;33;227.32;222.07;28;0;0
3156304;100;203.63;211.46;72;0;4
3156403;32;218.62;221.8;24;1;1
3156452;77;240.75;252.04;66;0;0
3156502;143;173.5;176.66;94;2;11
3156601;157;189.79;187.0;120;1;4
3156700;1628;192.8;191.11;1137;19;57
3156809;239;185.23;187.33;170;7;11
3156908;323;194.45;198.82;231;0;13
3157005;586;214.59;217.52;458;12;13
3157104;103;170.41;164.72;68;1;4
3157203;349;209.6;210.01;246;2;16
3157252;91;248.19;249.31;76;1;4
3157278;38;185.35;173.77;24;1;0
3157302;58;196.54;200.43;43;0;0
3157336;43;201.7;205.17;30;1;2
3157377;80;193.28;204.85;62;0;3
3157401;94;209.77;209.95;75;1;0
3157500;85;220.44;217.15;70;1;3
3157609;56;183.97;181.99;42;0;0
3157658;100;211.36;210.91;82;0;2
3157708;171;213.9;210.34;130;4;8
3157807;3144;173.72;173.97;1860;44;133
3157906;220;212.77;219.52;179;0;4
3158003;197;170.48;170.68;134;0;3
3158102;97;202.54;203.65;78;1;4
3158201;226;208.91;215.82;174;0;6
3158300;137;237.68;237.53;114;0;1
3158409;54;245.55;237.96;48;1;1
3158508;137;203.38;204.38;101;2;3
3158607;39;249.57;259.31;34;0;1
3158706;63;198.16;201.33;50;0;2
3158805;58;229.11;232.17;49;1;0
3158904;22;120.41;132.64;12;0;0
3158953;408;214.13;215.25;309;5;19
3159001;78;210.23;212.85;61;0;2
3159100;76;203.06;205.12;57;1;2
3159209;97;229.32;234.72;78;0;1
3159308;71;202.0;200.71;53;0;0
3159357;94;197.13;191.97;71;0;0
3159407;74;203.9;207.81;53;1;1
3159605;488;210.65;216.72;358;4;20
3159704;74;200.24;205.8;52;0;2
3159803;233;219.03;215.49;179;3;9
3159902;302;220.82;217.17;241;4;14
3160009;40;188.86;182.74;28;0;0
3160108;59;215.92;210.21;47;0;1
3160207;118;167.36;166.29;76;0;0
3160306;175;195.49;203.27;125;0;2
3160405;367;220.32;220.89;280;1;13
3160454;160;200.58;203.99;121;5;4
3160504;44;230.65;230.46;36;0;0
3160603;59;170.32;173.77;43;0;0
3160702;521;187.36;187.61;348;7;20
3160801;104;177.26;176.82;70;0;0
3160900;62;252.28;257.58;54;1;1
3160959;115;229.42;236.75;89;0;6
3161007;266;220.74;222.5;209;3;6
3161056;60;182.56;183.19;42;1;3
3161106;1036;194.52;194.14;727;15;28
3161205;94;238.84;235.19;78;1;1
3161304;83;192.38;201.44;62;0;1
3161403;87;217.78;212.99;65;1;2
3161502;125;262.18;253.79;114;0;3
3161601;101;170.74;175.17;70;4;1
3161700;111;191.0;196.48;75;1;2
3161809;130;190.61;199.62;96;2;5
3161908;177;220.99;224.57;140;0;6
3162005;263;229.57;230.11;203;3;16
3162104;529;203.86;201.56;391;4;8
3162203;100;234.62;243.46;78;1;4
3162252;63;211.34;217.5;54;0;0
3162302;55;207.36;203.15;38;0;1
3162401;401;189.25;183.66;279;1;5
3162450;84;192.06;194.85;64;0;3
3162500;843;216.92;218.21;621;6;33
3162559;162;211.31;213.43;120;0;5
3162575;70;241.11;240.02;58;2;0
3162609;117;218.26;227.66;95;1;2
3162658;69;173.45;179.31;43;0;1
3162708;387;202.48;200.59;271;1;6
3162807;303;198.69;199.75;222;1;8
3162906;268;159.42;160.95;138;1;11
3162922;407;198.46;203.23;284;3;21
3162948;89;228.65;230.48;69;0;4
3162955;327;232.4;228.77;254;4;13
3163003;60;215.94;213.55;49;2;3
3163102;63;229.31;228.14;54;1;2
3163201;65;232.01;243.29;58;0;0
3163300;63;195.39;201.97;48;2;1
3163409;70;203.26;216.96;55;0;1
3163508;128;225.68;226.63;110;1;0
3163607;42;219.07;213.98;30;0;5
3163706;408;229.68;229.1;308;7;29
3163805;72;234.36;247.38;61;0;1
3163904;57;228.08;221.63;45;0;2
3164001;92;198.68;203.51;77;0;1
3164100;93;207.02;204.21;70;1;1
3164209;167;174.41;167.69;113;0;3
3164308;66;221.75;228.57;51;2;4
3164407;69;223.96;223.9;54;0;2
3164431;60;255.56;259.03;52;2;1
3164472;113;207.05;210.54;83;1;4
3164506;229;167.18;171.83;152;0;6
3164605;88;247.36;254.43;81;0;1
3164704;860;218.66;225.62;631;7;29
3164803;15;237.32;235.31;12;0;1
3164902;22;256.8;281.69;19;1;0
3165008;198;222.97;222.56;150;2;2
3165107;105;197.16;211.29;78;2;0
3165206;107;192.38;192.54;73;1;4
3165305;135;217.85;207.63;102;0;2
3165404;95;243.65;247.45;81;1;4
3165503;95;218.8;214.88;81;0;0
3165537;507;191.66;192.22;328;6;40
3165552;300;197.46;198.2;223;2;6
3165560;48;213.04;214.85;36;1;0
3165578;103;210.8;213.01;72;0;2
3165602;49;192.13;187.16;32;0;2
3165701;100;226.05;231.72;77;1;2
3165800;16;208.98;213.98;14;0;0
3165909;92;229.54;232.54;80;0;2
3166006;91;236.98;252.69;77;1;3
3166105;45;211.75;219.65;34;0;2
3166204;130;213.22;217.27;98;2;5
3166303;94;233.0;232.14;77;2;2
3166402;21;222.34;233.31;18;0;0
3166501;94;140.13;142.06;53;1;3
3166600;14;280.48;282.67;14;0;0
3166709;114;188.57;184.33;81;2;3
3166808;185;236.85;234.14;153;3;4
3166907;130;193.21;198.81;88;1;5
3166956;62;217.44;211.28;49;0;3
3167004;28;222.15;225.14;24;0;0
3167103;404;184.38;188.15;277;9;14
3167202;2602;201.02;201.42;1732;47;164
3167301;42;225.1;227.98;29;0;4
3167400;98;209.06;208.38;74;1;3
3167509;36;192.51;192.39;26;0;1
3167608;288;134.45;136.14;143;2;9
3167707;65;180.63;187.07;41;0;3
3167806;60;222.7;222.71;49;1;1
3167905;55;204.69;211.39;41;0;3
3168002;455;231.38;229.39;366;4;19
3168051;48;245.51;247.32;41;1;1
3168101;70;244.17;246.47;59;0;2
3168200;32;205.65;208.58;22;0;2
3168309;65;214.49;215.7;47;0;1
3168408;209;214.45;216.86;163;0;7
3168507;166;195.81;198.65;115;5;4
3168606;1969;206.16;204.65;1374;35;102
3168705;1012;212.27;212.16;695;10;69
3168804;69;171.41;173.15;44;1;3
3168903;77;227.93;243.13;62;0;3
3169000;195;200.6;194.57;131;1;13
3169059;69;245.63;261.26;58;0;3
3169109;76;211.65;216.39;57;2;1
3169208;95;171.23;172.25;64;2;1
3169307;974;204.46;201.56;673;8;38
3169356;416;228.81;228.03;299;5;37
3169406;822;198.42;197.34;562;7;43
3169505;109;200.73;207.27;84;2;1
3169604;294;204.56;204.78;207;1;13
3169703;328;226.44;233.01;254;1;7
3169802;77;224.56;228.96;58;1;3
3169901;1093;202.27;207.16;773;8;55
3170008;258;182.97;184.08;185;2;10
3170057;186;204.51;205.6;136;3;4
3170107;3229;207.47;206.55;2223;32;194
3170206;6721;206.18;205.78;4526;65;369
3170305;54;229.91;214.78;44;0;2
3170404;1179;198.92;199.19;852;13;48
3170438;76;131.98;132.53;41;0;1
3170479;70;198.83;195.86;54;1;1
3170503;95;191.69;188.51;67;1;1
3170529;198;191.5;193.73;145;1;5
3170578;113;191.03;194.0;78;1;0
3170602;19;191.18;198.1;14;0;0
3170651;79;219.42;225.05;68;1;2
3170701;1289;218.37;218.58;908;24;78
3170750;119;203.29;214.05;92;2;4
3170800;453;201.59;202.38;327;4;17
3170909;428;192.07;195.49;323;6;6
3171006;296;206.72;205.94;206;4;11
3171030;247;163.08;163.28;160;7;5
3171071;102;240.12;249.19;90;1;0
3171105;50;195.64;192.92;38;0;0
3171154;74;214.51;219.13;61;1;3
3171204;1693;206.26;206.05;1143;21;99
3171303;674;214.71;215.74;482;5;40
3171402;41;251.34;252.82;36;0;2
3171501;52;193.92;192.48;37;0;1
3171600;206;169.66;173.57;129;2;4
3171709;101;250.27;243.92;86;1;3
3171808;154;214.09;219.14;122;1;6
3171907;87;196.76;201.57;62;0;2
3172004;464;214.98;218.21;333;2;26
3172103;67;213.91;201.51;53;0;1
3172202;47;226.78;238.41;39;0;2
6307718;36;252.24;257.3;0;27;2
6307729;14;140.1;138.81;8;0;0
6307733;13;229.07;235.16;1;7;2
6307740;17;262.78;264.39;0;13;1
6307741;36;297.08;310.01;2;28;3
6307759;25;0.0;0.0;0;0;0
6307769;425;250.13;266.7;3;312;14
6307772;13;165.31;162.49;8;0;0
6307775;64;291.69;307.25;0;48;7
6307786;12;204.47;184.72;9;0;0
6307798;14;165.64;193.64;9;0;0
6307812;31;267.01;280.17;0;25;0
6307844;17;118.41;108.62;9;0;0
6307881;26;85.08;89.68;7;0;1
6307894;23;196.08;189.74;4;3;8
6307905;12;194.1;189.77;8;0;0
6307906;14;161.16;162.2;8;0;0
6307908;36;255.38;270.72;4;18;8
6307947;14;133.62;132.31;7;0;0
6307950;24;281.18;295.55;0;20;2
6307962;13;191.6;185.29;0;8;0
6307974;14;173.15;167.94;9;0;0
6307992;173;110.81;109.48;73;0;3
6307994;13;165.35;172.5;8;0;0
6308037;12;179.81;170.78;7;0;1
6308045;34;279.11;294.4;2;23;8
6308055;33;0.0;0.0;0;0;0
6308068;91;105.29;103.53;40;1;1
6308077;14;168.71;167.19;9;0;0
6308079;24;173.62;169.74;17;0;1
6308086;39;245.58;253.48;1;26;4
6308090;16;285.63;302.34;0;14;0
6308095;12;137.12;153.03;8;0;0
6308123;66;275.43;288.62;0;50;7
6308135;12;163.23;164.63;7;0;1
6308153;33;0.0;0.0;0;0;0
6308172;163;98.32;95.86;58;2;0
6308177;13;166.94;157.45;9;0;0
6308178;60;0.0;0.0;0;0;0
6308185;12;149.75;155.47;8;0;0
6308203;38;272.9;284.62;0;27;1
6308211;15;145.52;136.51;9;0;0
6308237;12;178.66;172.17;9;0;0
6308243;26;76.01;68.19;7;0;1
6308251;12;116.8;124.38;6;1;0
6308264;183;0.0;0.0;0;0;0
6308302;23;229.87;245.34;1;11;7
6308305;17;164.16;171.46;0;6;1
6308308;46;273.17;300.66;0;40;0
6308317;30;303.6;318.36;1;24;2
6308324;13;116.85;120.65;5;0;0
6308372;13;179.15;191.12;9;0;0
6308378;34;289.81;298.09;3;24;4
6308389;97;79.6;76.92;32;1;0
6308397;93;113.78;116.06;39;0;3
6308406;45;0.0;0.0;0;0;0
6308422;63;133.93;130.55;32;1;1
6308426;34;298.73;322.27;0;25;4
6308432;15;179.33;172.81;9;0;0
6308444;12;179.71;189.06;9;0;0
6308451;24;221.55;238.08;0;16;1
6308493;33;243.33;267.91;0;19;4
6308497;13;90.87;92.21;5;0;0
6308501;21;237.29;253.25;1;13;2
6308509;40;282.02;291.3;0;30;4
6308512;19;279.13;278.89;0;16;1
6308515;12;188.49;173.59;9;0;0
6308518;19;266.76;272.15;1;13;1
6308526;20;0.0;0.0;0;0;0
6308527;68;0.0;0.0;0;0;0
6308532;17;114.23;104.92;8;0;0
6308547;28;305.91;334.34;0;24;2
3200102;255;222.08;228.93;195;3;4
3200136;157;210.58;218.32;121;3;4
3200169;149;215.41;213.78;119;1;4
3200201;383;179.55;177.49;250;3;19
3200300;106;205.4;214.61;76;0;5
3200359;141;204.47;206.36;100;1;1
3200409;337;219.5;219.36;248;4;9
3200508;61;215.68;209.78;45;2;4
3200607;1133;218.92;220.61;855;10;35
3200706;135;174.23;178.23;87;0;4
3200805;300;184.06;184.84;196;3;13
3200904;363;196.57;198.94;257;4;11
3201001;173;212.06;212.58;134;2;2
3201100;38;150.89;155.14;21;0;3
3201159;193;213.37;215.33;146;0;4
3201209;1982;202.63;205.87;1399;18;86
3201308;4241;182.49;182.38;2696;72;234
3201407;377;211.98;228.23;287;4;7
3201506;1259;215.57;217.5;935;7;47
3201605;396;209.98;213.58;315;2;9
3201704;147;208.05;213.16;104;3;1
3201803;67;205.72;206.83;54;0;0
3201902;399;241.9;256.1;306;11;23
3202009;107;195.83;195.16;81;0;1
3202108;324;223.61;222.19;257;1;6
3202207;191;206.44;211.37;151;1;3
3202256;132;220.18;225.76;104;0;1
3202306;313;202.83;203.77;228;4;14
3202405;1395;198.23;201.55;930;24;79
3202454;238;216.37;221.81;171;2;7
3202504;112;198.12;201.87;74;2;9
3202553;111;183.88;189.82;76;1;3
3202603;210;214.21;222.09;160;1;5
3202652;93;213.11;213.73;72;1;1
3202702;158;239.63;242.61;129;0;4
3202801;403;188.65;193.88;260;5;18
3202900;113;215.74;227.61;89;0;2
3203007;250;225.18;228.28;177;2;25
3203056;347;208.49;211.36;264;4;7
3203106;144;199.91;203.21;103;1;6
3203130;96;224.07;223.82;72;2;2
3203163;143;235.66;240.48;116;1;1
3203205;2055;200.15;200.57;1431;18;74
3203304;157;226.99;224.18;126;3;2
3203320;392;200.79;201.14;247;7;22
3203346;191;242.6;247.56;147;3;8
3203353;131;229.21;232.2;104;2;3
3203403;261;203.3;206.52;196;2;10
3203502;253;212.13;213.18;194;0;7
3203601;70;191.99;187.61;50;0;0
3203700;137;216.08;222.87;102;1;5
3203809;156;189.53;195.18;113;3;7
3203908;550;210.36;214.1;413;3;9
3204005;190;212.21;221.44;150;0;7
3204054;283;212.43;213.36;226;1;3
3204104;259;206.22;206.78;192;1;6
3204203;269;196.56;196.46;170;4;16
3204252;75;213.79;216.41;62;0;1
3204302;146;201.42;207.96;108;2;7
3204351;179;173.27;178.58;112;1;4
3204401;138;207.17;206.7;100;0;3
3204500;104;219.97;219.65;82;2;1
3204559;472;215.25;220.92;349;3;12
3204609;229;235.3;241.13;180;1;8
3204658;96;204.61;209.53;72;1;4
3204708;321;216.32;213.11;243;1;13
3204807;138;215.47;211.04;112;1;3
3204906;1402;204.83;208.41;995;9;55
3204955;119;215.29;215.34;88;1;2
3205002;4804;186.01;186.4;3121;108;276
3205010;316;205.12;204.25;241;1;8
3205036;214;230.03;232.07;167;0;7
3205069;275;243.31;254.01;227;2;7
3205101;880;180.9;179.24;549;16;33
3205150;132;235.89;239.22;111;0;0
3205176;164;217.32;226.62;121;2;8
3205200;3366;192.08;191.94;1996;86;288
3205309;2795;180.37;183.43;1779;43;154
6308560;16;285.21;298.23;1;12;1
6308561;21;208.58;218.88;15;1;2
6308565;25;274.2;292.76;0;20;3
6308572;154;271.75;286.67;4;118;9
6308573;91;234.28;234.33;7;55;9
6308574;25;0.0;0.0;0;0;0
6308575;58;265.57;270.91;2;37;12
6308576;12;185.51;173.45;9;0;0
6308594;14;118.92;119.69;6;0;0
6308599;42;254.64;273.76;0;29;6
6308610;85;103.86;102.59;31;0;3
6308612;12;191.22;187.37;9;0;0
6308626;208;263.65;269.68;5;143;27
6308633;373;171.27;180.37;2;192;15
6308634;265;259.27;282.22;2;197;11
3300100;1879;175.29;172.39;1092;40;152
3300159;101;177.67;178.09;56;0;9
3300209;1276;191.0;186.44;779;29;105
3300225;116;197.04;190.3;80;2;3
3300233;529;204.68;201.97;341;16;35
3300258;179;165.13;171.54;80;3;30
3300308;764;218.54;213.09;560;11;43
3300407;1554;200.41;199.06;1047;16;64
3300456;3990;175.7;172.01;1973;240;591
3300506;263;228.92;229.01;193;4;16
3300605;459;203.83;207.24;316;8;25
3300704;2172;178.05;175.89;1266;48;138
3300803;671;192.21;188.1;435;10;46
3300902;146;211.15;215.52;110;1;14
3300936;153;191.98;191.41;105;5;7
3300951;56;265.38;271.96;47;1;2
3301009;4356;176.23;176.73;2325;199;491
3301108;201;207.0;208.85;142;0;12
3301157;149;222.32;221.46;103;2;11
3301207;189;235.15;230.07;136;1;21
3301306;366;190.33;189.68;237;5;28
3301405;252;202.6;197.49;174;3;21
3301504;201;220.52;212.34;142;5;15
3301603;136;228.19;223.2;100;1;10
3301702;8569;176.53;174.6;4165;511;1253
3301801;142;211.23;202.08;105;2;8
3301850;476;183.27;183.82;278;14;31
3301876;252;188.95;185.02;111;7;26
3301900;2360;179.26;177.91;1287;86;278
3302007;1569;165.94;161.75;852;33;108
3302056;147;245.51;255.23;108;6;10
3302106;280;234.37;233.64;193;7;21
3302205;969;234.01;235.72;703;34;76
3302254;283;209.67;205.2;190;9;20
3302270;1114;184.58;178.04;674;28;89
3302304;112;186.76;186.64;71;0;9
3302403;2014;209.26;206.75;1299;48;161
3302452;88;216.8;214.61;57;4;11
3302502;2651;179.98;177.93;1517;82;282
3302601;450;203.4;198.04;284;10;36
3302700;1423;200.49;200.48;827;61;184
3302809;186;187.2;186.15;108;3;17
3302858;1335;165.23;162.89;542;76;192
3302908;286;182.28;183.14;163;4;21
3303005;333;156.8;156.52;179;2;10
3303104;175;201.77;199.2;119;2;12
3303203;1679;176.69;172.78;737;106;327
3303302;3479;162.55;159.11;1545;145;394
3303401;1603;213.46;214.02;1013;56;149
3303500;7786;183.49;179.81;3782;525;1162
3303609;510;180.12;176.76;287;15;32
3303708;467;187.78;185.76;299;5;23
3303807;432;203.24;198.57;274;8;39
3303856;416;212.61;209.1;274;10;26
3303906;2537;204.11;201.72;1736;31;150
3303955;180;206.08;204.67;124;6;13
3304003;381;195.81;196.9;236;9;20
3304102;247;189.67;188.8;168;0;6
3304110;199;200.14;198.78;135;1;10
3304128;145;197.6;201.44;101;2;4
3304144;1718;187.66;184.27;871;103;247
3304151;281;210.23;206.24;201;2;11
3304201;1182;203.11;204.35;783;23;95
3304300;549;189.36;189.9;374;13;23
3304409;200;213.94;210.98;147;0;7
3304508;171;142.06;137.25;85;0;2
3304524;1730;209.96;207.58;1047;46;177
3304557;46016;215.87;216.36;30264;1511;4615
3304607;76;226.17;216.25;59;0;3
3304706;487;213.79;214.24;355;2;28
3304755;473;178.2;186.49;325;4;19
3304805;370;206.18;209.91;238;9;38
3304904;6518;176.98;173.21;2957;448;1063
3305000;439;213.42;211.07;281;14;52
3305109;3933;178.05;174.32;1737;296;642
3305133;82;217.23;209.66;60;2;4
3305208;1043;186.5;185.86;617;28;77
3305307;74;216.25;216.31;60;2;0
3305406;215;180.76;177.16;136;1;13
3305505;1010;181.52;174.44;553;27;90
3305554;947;177.1;174.47;519;20;76
3305604;240;189.09;185.0;162;0;16
3305703;176;243.43;245.36;145;0;6
3305752;310;179.35;176.35;184;5;24
3305802;480;173.59;174.44;289;2;8
3305901;100;198.83;201.93;71;2;5
3306008;842;178.42;175.06;496;9;55
3306107;836;211.55;213.31;601;3;40
3306156;155;224.85;228.28;100;5;30
3306206;459;185.52;184.53;270;12;29
3306305;2918;194.84;194.93;1850;48;165
6308643;40;55.3;55.79;0;5;4
6308646;65;256.39;256.12;3;48;4
6308651;24;253.6;257.41;1;20;0
6308659;73;70.84;70.04;1;15;2
6308664;35;277.83;271.72;1;27;5
6308666;40;297.4;312.55;0;31;2
6308671;19;283.77;283.0;1;15;0
6308675;28;242.53;233.22;1;19;3
6308677;38;231.02;216.01;1;28;0
6308678;14;157.99;149.45;9;0;0
6308681;103;120.68;117.39;1;42;7
6308682;75;56.46;60.86;0;14;1
6308683;13;183.88;195.45;0;7;2
6308684;36;251.93;240.67;1;25;3
6308687;15;230.59;222.31;0;10;1
6308689;61;251.37;257.43;2;42;4
6308697;39;298.53;314.99;0;33;3
6308702;1033;114.47;115.47;157;208;42
6308707;53;162.91;160.86;0;31;1
6308709;41;204.15;205.07;1;27;2
6308711;203;34.28;32.36;26;1;0
6308717;17;122.9;127.25;8;0;1
6308720;1566;120.4;121.44;627;21;33
6308723;28;0.0;0.0;0;0;0
3500105;277;209.46;209.79;201;4;15
3500204;41;225.13;215.2;31;0;2
3500303;443;196.88;192.7;326;1;7
3500402;68;154.99;154.93;37;1;0
3500501;196;225.72;227.99;141;2;13
3500550;102;212.4;221.12;70;0;4
3500600;50;169.8;169.88;23;1;3
3500709;397;185.8;183.86;265;5;16
3500758;98;194.33;201.59;67;1;8
3500808;55;211.01;220.22;42;2;2
3500907;61;186.52;190.95;44;0;1
3501004;192;197.73;203.6;139;1;13
3501103;37;227.62;223.57;24;1;2
3501152;249;224.31;224.85;195;1;5
3501202;39;212.15;224.6;27;1;3
3501301;291;191.88;193.55;202;6;11
3501400;45;175.75;162.96;29;0;2
3501509;48;226.94;222.32;42;1;0
3501608;1902;210.52;211.48;1352;17;77
3501707;339;186.42;185.67;231;3;5
3501806;71;226.32;231.08;56;0;2
3501905;506;202.56;199.98;321;8;29
3502002;56;151.54;150.09;31;0;2
3502101;470;180.42;177.58;292;7;13
3502200;315;237.51;238.01;260;0;2
3502309;91;168.24;175.62;64;0;1
3502408;60;224.32;237.05;50;0;2
3502507;475;233.66;237.97;382;5;13
3502606;58;240.57;235.96;43;1;4
3502705;417;192.4;187.11;267;7;11
3502754;274;195.22;194.48;195;1;11
3502804;1848;204.67;202.71;1265;28;117
3502903;387;206.15;207.4;273;3;22
3503000;84;207.36;203.37;60;1;3
3503109;107;200.9;194.75;84;0;0
3503158;39;161.64;174.91;27;0;0
3503208;2155;193.82;190.19;1422;34;96
3503307;1316;210.08;210.09;972;12;39
3503356;22;222.6;231.6;19;0;0
3503406;96;244.19;247.5;83;2;1
3503505;93;206.05;203.45;72;0;2
3503604;170;201.5;201.42;119;2;3
3503703;114;219.42;213.49;81;4;5
3503802;512;186.7;188.16;320;7;28
3503901;1287;211.23;206.19;937;17;63
3503950;16;268.07;294.31;15;0;1
3504008;964;202.91;201.98;653;12;47
3504107;2000;207.82;204.19;1364;41;84
3504206;159;214.15;216.77;120;2;6
3504305;61;185.79;180.57;41;1;2
3504404;110;186.89;186.96;67;2;8
3504503;1033;195.7;193.93;704;10;35
3504602;204;204.17;212.92;138;2;12
3504701;16;201.08;204.42;12;0;0
3504800;91;204.24;202.39;63;3;6
3504909;134;172.94;177.8;95;2;2
3505005;64;187.91;193.47;44;0;2
3505104;100;163.43;166.12;61;1;3
3505203;383;224.03;227.7;297;3;9
3505302;370;214.58;211.82;274;6;23
3505351;103;190.9;184.7;72;1;0
3505401;155;160.34;159.57;90;2;7
3505500;913;204.94;206.25;619;19;63
3505609;455;211.82;210.88;348;3;8
3505708;5294;231.04;229.78;3942;85;220
3505807;280;204.67;205.22;206;2;2
3505906;587;221.45;219.58;442;9;31
3506003;2905;174.5;172.11;1726;51;177
3506102;732;206.78;208.31;533;7;37
3506201;19;224.1;217.32;15;0;0
3506300;123;213.21;212.47;90;1;3
3506359;870;183.13;180.05;563;10;33
3506409;94;225.19;218.36;66;1;6
3506508;1266;228.46;228.39;953;19;39
3506607;433;191.14;189.34;293;7;17
3506706;189;174.52;173.8;125;1;8
3506805;149;219.13;220.02;111;2;4
3506904;120;217.36;215.79;97;0;2
3507001;720;225.9;223.9;566;8;24
3507100;325;210.54;210.29;234;4;16
3507159;69;207.62;208.13;53;0;2
3507209;13;241.7;239.59;10;0;1
3507308;60;257.24;261.43;48;1;2
3507407;189;215.94;217.0;147;3;6
3507456;59;177.13;175.41;37;1;2
3507506;1397;187.29;190.26;883;22;87
3507605;1647;213.59;210.3;1148;22;99
3507704;68;221.13;221.35;54;0;3
3507753;49;186.57;181.58;32;0;1
3507803;265;213.22;214.68;195;3;8
3507902;273;208.08;209.78;200;5;16
3508009;380;196.01;200.52;276;6;8
3508108;195;214.42;209.3;143;1;8
3508207;62;187.43;186.01;41;0;0
3508306;74;184.51;183.8;51;1;1
3508405;706;194.33;192.1;488;5;22
3508504;779;180.78;177.32;479;11;45
3508603;347;203.28;205.62;245;3;22
3508702;267;189.3;190.33;184;3;6
3508801;210;198.41;193.37;150;3;9
3508900;42;225.12;231.23;33;0;0
3509007;839;203.18;198.69;575;11;47
3509106;61;189.64;193.54;45;1;1
3509205;1080;189.64;187.43;735;10;51
3509254;577;185.93;184.5;385;8;22
3509304;152;240.85;244.0;126;1;1
3509403;330;202.53;204.49;251;3;6
3509452;114;176.38;175.65;76;0;2
3509502;8536;192.93;190.11;5533;137;489
3509601;1122;202.02;200.66;808;8;48
3509700;616;256.81;259.58;538;3;16
3509809;70;206.77;212.84;55;0;2
3509908;224;208.51;205.26;158;6;11
3509957;67;172.74;167.61;44;1;0
3510005;323;205.81;207.81;244;3;9
3510104;43;242.59;246.66;36;1;2
3510153;102;178.14;177.5;65;2;2
3510203;773;212.15;211.9;575;4;21
3510302;299;204.92;211.61;234;1;6
3510401;640;205.67;204.92;446;2;14
3510500;1258;197.87;202.24;834;12;82
3510609;3778;183.2;179.91;2330;62;206
3510708;113;215.84;225.09;75;3;10
3510807;301;188.14;190.54;205;3;11
3510906;49;237.84;238.65;40;1;1
3511003;182;200.64;195.07;127;0;7
3511102;886;222.09;223.8;644;11;58
3511201;74;203.47;197.14;55;0;1
3511300;95;257.98;277.35;76;2;2
3511409;280;193.23;193.05;199;0;10
3511508;443;222.65;225.08;313;2;27
3511607;307;226.21;228.41;245;5;8
3511706;217;220.62;218.72;169;0;6
3511904;103;171.58;172.61;60;2;9
3512001;275;208.18;208.41;211;1;9
3512100;122;215.67;223.78;95;2;3
3512209;308;220.74;224.44;236;0;8
3512308;205;196.88;198.38;150;2;8
3512407;290;208.2;207.66;221;1;8
3512506;60;180.92;171.53;38;0;1
3512605;72;220.4;217.56;55;0;3
3512704;66;210.06;210.54;53;0;1
3512803;744;243.68;246.49;608;6;31
3512902;105;173.92;173.42;65;1;5
3513009;3160;183.36;179.88;1970;34;171
3513108;367;177.52;178.39;230;2;16
3513207;121;188.99;187.6;85;2;2
3513306;22;209.92;206.9;16;0;1
3513405;752;197.98;196.51;487;17;59
3513504;1630;193.15;191.76;1118;16;47
3513603;220;203.22;203.81;161;3;5
3513702;338;208.1;209.97;244;9;16
3513801;5658;189.32;184.03;3569;64;246
3513850;19;209.01;219.25;14;1;1
3513900;156;211.85;217.93;116;0;4
3514007;103;211.95;208.19;80;2;0
3514106;331;191.53;191.74;237;4;8
3514205;22;239.48;241.76;19;0;0
3514304;126;204.25;207.55;98;1;2
3514403;415;219.5;221.3;304;5;19
3514502;145;195.65;196.5;102;0;10
3514601;134;244.72;229.08;116;0;7
3514700;89;193.29;194.71;68;1;2
3514809;257;206.38;208.54;203;3;3
3514908;276;185.01;183.06;181;1;2
3514924;28;232.06;223.2;22;1;1
3514957;34;231.24;240.42;29;1;1
3515004;3744;197.3;191.87;2475;50;225
3515103;1110;207.52;204.26;794;13;66
3515129;46;216.1;202.72;37;0;0
3515152;206;123.87;127.91;82;3;14
3515186;373;200.52;200.73;273;3;12
3515194;76;184.95;180.15;52;0;2
3515202;96;205.1;207.46;66;2;6
3515301;44;244.44;235.73;38;0;0
3515350;147;199.01;204.34;111;0;3
3515400;188;241.16;242.9;152;2;5
3515509;568;214.23;216.18;402;11;32
3515608;74;252.33;251.96;64;0;3
3515657;26;269.65;279.73;22;0;2
3515707;2137;194.7;192.61;1438;19;97
3515806;24;169.84;179.0;15;0;1
3515905;29;222.57;230.23;21;0;2
3516002;157;168.3;169.8;103;0;3
3516101;43;188.32;186.73;28;2;2
3516200;4229;217.27;217.77;3127;40;186
3516309;1999;181.76;179.63;1280;29;81
3516408;1492;183.2;177.08;941;27;70
3516507;33;222.03;236.97;28;0;0
3516606;52;201.71;190.72;36;0;2
3516705;473;206.33;202.5;348;4;17
3516804;57;220.2;229.81;47;1;1
3516853;89;185.17;180.06;60;1;2
3516903;127;224.56;226.11;101;2;4
3517000;122;198.01;205.59;95;0;4
3517109;47;193.01;200.06;33;1;2
3517208;185;189.31;184.17;127;3;6
3517307;87;188.09;190.65;67;2;2
3517406;484;204.61;206.84;350;2;23
3517505;255;208.98;207.54;182;6;6
3517604;274;213.45;209.7;211;4;6
3517703;305;156.8;161.37;183;0;7
3517802;66;230.43;233.38;53;0;4
3517901;123;207.52;200.29;93;1;3
3518008;23;265.13;295.18;22;0;0
3518107;82;176.95;181.52;56;1;2
3518206;292;202.52;205.47;202;7;16
3518305;478;198.33;195.09;329;7;28
3518404;1231;200.2;200.49;875;18;47
3518503;157;218.32;213.02;122;2;6
3518602;490;221.1;219.62;396;3;7
3518701;3900;198.39;195.31;2666;66;191
3518800;14916;187.57;183.47;9209;354;934
3518859;103;174.68;175.74;71;2;3
3518909;68;217.77;223.59;51;0;3
3519006;133;202.53;201.79;101;0;3
3519055;190;191.54;197.09;131;3;8
3519071;2816;201.29;196.57;1908;33;149
3519105;121;199.35;197.88;80;0;6
3519204;61;213.03;217.3;50;0;1
3519253;95;186.53;185.58;65;0;5
3519303;484;199.45;197.24;347;3;9
3519402;122;209.82;223.66;82;3;5
3519501;102;230.24;229.12;87;1;2
3519600;613;215.87;216.51;445;4;35
3519709;1156;193.29;195.74;807;12;27
3519808;94;200.74;196.97;69;1;4
3519907;124;222.09;225.21;100;3;5
3520004;261;193.23;188.29;181;6;13
3520103;284;165.75;167.86;160;2;16
3520202;142;201.43;200.13;101;2;3
3520301;454;200.98;198.8;309;1;12
3520400;467;217.71;220.68;358;6;25
3520426;169;212.93;215.42;120;2;11
3520442;179;239.61;241.66;143;3;6
3520509;1847;204.94;204.04;1227;28;120
3520608;53;166.69;165.2;29;0;1
3520707;36;237.98;245.32;30;0;1
3520806;28;248.91;270.19;22;0;3
3520905;203;220.31;223.12;150;5;13
3521002;425;186.98;186.07;296;2;10
3521101;128;216.34;217.03;98;2;4
3521150;80;193.17;192.25;55;1;3
3521200;65;173.6;175.76;46;0;0
3521309;181;202.09;201.98;130;2;10
3521408;285;215.41;214.99;209;2;14
3521507;107;229.23;235.58;89;0;1
3521606;71;221.52;210.66;56;0;2
3521705;181;187.71;191.81;121;2;6
3521804;251;163.89;162.28;142;4;8
3521903;156;205.59;216.07;112;0;2
3522000;50;233.39;229.35;42;0;1
3522109;1509;184.57;185.28;964;10;64
3522158;68;208.15;213.6;51;0;0
3522208;2469;204.78;199.5;1703;46;144
3522307;1925;207.12;204.69;1373;18;75
3522406;1417;190.1;193.06;940;15;38
3522505;3888;178.58;174.36;2466;49;145
3522604;718;159.86;158.69;401;7;23
3522653;77;186.53;186.65;49;1;1
3522703;422;227.82;227.29;340;0;14
3522802;204;210.92;209.57;145;3;14
3522901;158;201.67;190.59;112;2;3
3523008;69;196.74;195.92;51;0;2
3523107;4060;166.29;163.26;2419;58;132
3523206;697;209.52;207.92;514;4;22
3523305;232;185.81;185.67;159;5;5
3523404;891;239.69;245.98;683;6;48
3523503;303;216.59;218.26;230;1;8
3523602;172;209.08;208.88;123;4;8
3523701;116;188.73;184.03;72;1;5
3523800;96;171.04;169.23;59;2;4
3523909;2050;210.99;207.74;1494;21;76
3524006;688;214.1;208.84;505;10;30
3524105;446;194.2;193.72;321;5;22
3524204;89;248.29;242.38;79;1;1
3524303;738;205.72;204.56;530;12;29
3524402;1908;194.56;195.11;1238;38;89
3524501;82;237.1;237.76;66;1;1
3524600;278;219.98;218.37;217;2;9
3524709;475;229.26;236.47;342;5;26
3524808;430;239.12;241.25;348;4;18
3524907;121;196.33;196.74;86;0;1
3525003;1551;196.8;190.32;1021;27;93
3525102;537;196.73;198.23;376;5;23
3525201;478;204.09;207.85;324;10;26
3525300;1101;194.14;190.75;735;22;42
3525409;67;216.86;221.04;54;0;2
3525508;166;239.2;246.25;139;1;8
3525607;85;219.04;224.66;68;1;2
3525706;413;217.66;216.88;306;5;24
3525805;77;215.1;214.88;60;0;7
3525854;37;196.84;191.86;27;0;0
3525904;3631;213.83;211.64;2563;39;198
3526001;223;225.34;233.49;164;0;9
3526100;321;186.36;184.6;210;2;19
3526209;562;208.77;209.75;428;1;8
3526308;84;215.77;227.02;66;0;1
3526407;324;170.44;173.36;215;2;7
3526506;59;217.35;226.92;46;1;1
3526605;105;147.36;144.51;59;1;0
3526704;1178;217.73;215.94;896;10;35
3526803;786;191.17;189.08;529;4;15
3526902;3188;208.01;208.71;2242;33;171
3527009;73;228.31;239.59;60;0;4
3527108;707;188.13;184.73;444;8;52
3527207;864;201.56;202.09;583;13;52
3527256;31;236.32;248.27;28;0;0
3527306;551;220.25;219.08;418;1;19
3527405;237;219.02;221.34;185;3;8
3527504;28;180.87;179.55;18;0;0
3527603;207;193.84;200.05;142;1;9
3527702;44;148.72;149.75;21;1;1
3527801;67;202.14;204.78;50;1;4
3527900;35;194.95;209.31;26;0;1
3528007;249;204.95;208.27;180;2;8
3528106;96;205.74;202.99;71;2;4
3528205;58;248.31;243.74;50;0;0
3528304;28;150.54;162.0;15;0;0
3528403;723;180.17;180.99;459;6;21
3528502;807;182.8;180.64;513;8;35
3528601;118;171.74;164.8;76;2;1
3528700;33;219.5;213.61;28;1;0
3528809;199;225.66;222.34;154;2;2
3528858;30;242.27;243.9;27;0;0
3528908;46;208.19;221.75;37;0;0
3529005;1391;195.68;198.5;944;19;75
3529104;31;242.72;245.21;25;1;1
3529203;325;197.48;197.84;228;3;4
3529302;1075;222.22;221.49;813;12;37
3529401;5272;210.24;206.14;3759;68;289
3529500;71;234.93;245.98;57;1;1
3529609;47;259.59;270.98;43;0;1
3529658;26;207.08;205.89;19;1;0
3529708;245;181.08;180.49;168;5;4
3529807;182;153.58;156.83;101;1;1
3529906;393;171.43;169.44;243;3;11
3530003;30;227.82;228.92;19;1;2
3530102;250;201.17;203.14;170;4;19
3530201;275;200.21;203.17;184;2;16
3530300;601;233.21;231.46;452;10;42
3530409;51;224.01;219.22;38;1;1
3530508;751;211.46;209.95;564;3;15
3530607;5467;201.39;199.93;3772;83;290
3530706;1812;222.48;224.24;1363;10;56
3530805;1022;186.52;187.2;655;9;37
3530904;62;238.71;240.27;54;0;1
3531001;26;228.89;226.78;18;0;1
3531100;792;159.67;165.95;447;14;37
3531209;70;245.72;243.94;51;1;6
3531308;433;229.84;226.12;342;6;21
3531407;246;212.94;215.53;182;4;12
3531506;176;213.86;214.6;135;1;8
3531605;41;235.69;231.78;35;0;1
3531704;60;173.52;170.31;33;0;1
3531803;730;214.07;216.81;551;3;24
3531902;384;224.13;214.8;293;3;16
3532009;180;190.87;187.34;117;2;4
3532058;54;223.13;224.56;39;1;2
3532108;26;199.25;193.31;17;1;1
3532157;49;202.51;203.48;34;0;1
3532207;84;205.74;215.89;64;1;3
3532306;94;198.36;207.44;68;1;2
3532405;241;198.1;198.91;174;1;15
3532504;90;220.34;210.44;70;2;1
3532603;94;176.01;175.43;55;2;5
3532702;60;238.12;237.16;52;0;3
3532801;87;200.89;208.51;60;0;4
3532827;160;170.69;172.02;103;5;1
3532843;27;269.4;274.87;27;0;0
3532868;20;211.08;222.21;16;0;0
3532900;149;202.97;209.52;116;1;3
3533007;235;201.25;200.37;162;1;16
3533106;20;238.01;251.67;17;0;0
3533205;56;223.34;230.89;48;0;1
3533254;58;198.75;193.01;44;0;2
3533304;36;218.67;212.56;25;0;0
3533403;643;216.1;216.61;462;7;45
3533502;370;246.15;261.3;279;4;19
3533601;87;253.72;271.48;69;0;7
3533700;53;213.3;215.04;44;0;0
3533809;32;249.23;252.62;27;0;0
3533908;629;228.42;232.25;502;2;18
3534005;89;212.98;209.47;71;3;3
3534104;47;192.49;185.87;34;0;2
3534203;38;210.42;223.52;27;1;1
3534302;363;217.42;216.19;274;1;10
3534401;3942;160.82;156.26;1981;109;304
3534500;22;248.07;249.19;19;0;0
3534609;264;203.33;206.01;186;4;13
3534708;1205;198.03;198.18;805;12;49
3534757;146;204.09;216.22;97;3;13
3534807;153;205.83;207.56;117;1;1
3534906;106;212.99;214.09;81;2;4
3535002;136;207.95;210.52;105;1;4
3535101;138;212.48;216.77;111;0;2
3535200;114;219.29;227.21;82;2;8
3535309;301;195.97;194.85;211;3;17
3535408;223;220.48;219.67;174;2;15
3535507;532;196.13;194.08;359;6;26
3535606;244;199.7;199.76;167;6;11
3535705;81;225.92;235.55;66;0;0
3535804;250;204.27;213.93;178;4;9
3535903;58;248.62;258.63;50;0;2
3536000;147;216.17;220.36;109;1;3
3536109;106;147.99;158.31;63;4;3
3536208;270;198.09;201.81;186;5;11
3536257;34;237.71;239.7;30;0;0
3536307;205;217.27;221.57;170;2;2
3536406;86;227.39;220.88;69;0;3
3536505;1202;193.87;195.42;767;13;70
3536570;26;240.24;229.0;21;0;2
3536604;103;183.39;179.27;71;0;3
3536703;570;194.13;191.66;394;9;19
3536802;81;207.09;214.81;61;0;2
3536901;31;231.77;235.8;24;0;2
3537008;191;198.53;199.82;140;1;4
3537107;342;188.61;191.45;243;1;4
3537156;36;214.42;222.21;27;0;1
3537206;173;200.34;196.92;125;1;12
3537305;569;188.38;187.22;362;12;26
3537404;264;225.24;228.38;198;3;13
3537503;93;198.89;210.46;74;0;2
3537602;1041;192.1;190.31;699;21;40
3537701;65;165.15;169.05;38;1;2
3537800;735;216.0;215.0;552;12;21
3537909;402;229.59;234.71;325;3;10
3538006;2056;212.25;212.4;1444;29;130
3538105;176;216.39;222.77;137;0;3
3538204;192;240.79;239.14;157;4;8
3538303;48;182.06;186.42;32;0;1
3538501;119;186.18;178.51;70;3;13
3538600;335;211.9;210.16;233;2;19
3538709;4169;205.17;204.93;2861;50;198
3538808;380;201.64;200.83;250;3;20
3538907;172;194.21;195.15;107;2;16
3539004;137;229.63;228.61;110;6;4
3539103;337;148.43;150.55;193;1;12
3539202;326;231.0;230.81;257;11;11
3539301;621;212.25;212.26;432;9;33
3539400;117;185.0;181.8;73;5;8
3539509;478;193.67;194.95;342;0;15
3539608;90;219.98;213.4;69;1;4
3539707;65;168.05;172.04;44;0;1
3539806;1907;205.16;203.08;1308;13;102
3539905;88;209.92;211.36;66;0;2
3540002;238;160.45;161.75;147;1;5
3540101;42;166.41;171.56;28;1;0
3540200;532;204.23;205.07;401;7;10
3540259;56;215.34;219.51;42;1;3
3540309;26;185.21;212.54;17;2;1
3540408;48;212.5;214.01;34;0;1
3540507;127;197.63;201.83;99;1;2
3540606;728;203.35;205.33;495;13;36
3540705;558;206.95;205.4;395;4;18
3540754;239;182.17;182.43;166;0;4
3540804;197;212.5;217.47;141;0;8
3540853;24;213.36;223.15;21;0;1
3540903;230;228.19;225.13;189;2;9
3541000;4005;195.75;193.41;2569;65;230
3541059;105;191.14;188.61;70;1;3
3541109;54;180.66;172.13;35;2;4
3541208;114;158.86;158.51;64;0;5
3541307;472;194.71;194.72;297;17;38
3541406;2274;200.39;200.42;1516;39;136
3541505;326;199.96;200.51;228;2;9
3541604;455;195.29;193.62;309;7;20
3541653;56;228.54;221.48;45;0;1
3541703;141;177.64;178.84;90;1;12
3541802;60;182.66;187.42;41;1;3
3541901;163;183.2;183.94;112;0;3
3542008;87;207.98;209.46;67;1;3
3542107;128;205.74;206.21;97;1;2
3542206;360;209.74;208.54;273;3;10
3542305;63;199.9;208.3;48;2;3
3542404;182;221.31;215.92;133;3;12
3542503;75;188.75;199.81;56;0;4
3542602;723;216.91;212.11;496;12;51
3542701;157;220.67;230.11;129;1;4
3542800;84;176.14;169.93;59;0;2
3542909;167;195.83;187.34;121;3;5
3543006;365;206.19;209.13;282;1;4
3543105;70;223.86;221.66;57;0;1
3543204;66;171.64;165.24;41;0;1
3543238;30;193.03;191.85;20;0;2
3543253;119;238.19;228.57;90;0;7
3543303;1432;220.76;218.85;1059;10;66
3543402;5150;202.19;199.93;3433;116;290
3543501;73;213.46;216.98;54;1;2
3543600;54;214.49;218.03;46;0;1
3543709;146;191.25;192.33;111;2;7
3543808;109;204.91;203.41;84;0;1
3543907;1906;214.56;211.97;1397;11;66
3544004;411;207.71;204.62;300;1;8
3544103;591;186.91;186.86;393;2;13
3544202;74;220.99;223.45;59;2;3
3544251;270;197.98;198.9;191;3;15
3544301;130;217.16;215.69;98;1;1
3544400;38;231.69;228.46;32;0;1
3544509;30;274.66;270.31;28;1;0
3544608;56;205.1;208.68;44;2;1
3544707;36;223.67;225.38;29;0;0
3544806;54;209.57;216.67;41;0;1
3544905;99;196.74;195.41;65;1;9
3545001;239;196.04;202.56;166;1;2
3545100;91;205.06;198.47;72;1;1
3545159;127;215.33;216.56;96;0;3
3545209;1101;210.62;210.53;806;8;41
3545308;555;203.24;203.32;382;5;24
3545407;123;214.87;217.27;94;0;4
3545506;55;143.16;134.75;29;0;0
3545605;183;200.57;204.31;137;2;3
3545704;73;210.16;209.48;58;0;2
3545803;1776;215.25;213.49;1296;14;58
3546009;169;196.15;194.8;119;0;5
3546108;30;241.46;246.49;27;0;0
3546207;55;198.46;195.32;39;0;2
3546256;37;226.53;233.42;28;0;1
3546306;286;194.67;193.56;199;2;13
3546405;529;218.42;218.33;393;5;27
3546504;79;219.13;210.08;64;0;2
3546603;307;247.99;252.7;239;7;20
3546702;358;245.33;253.25;302;2;9
3546801;567;197.0;195.71;386;5;27
3546900;87;190.48;196.68;61;3;1
3547007;53;215.43;218.29;44;1;0
3547106;55;221.65;212.03;48;1;2
3547205;18;170.63;178.39;11;0;0
3547304;1938;240.09;237.71;1551;20;92
3547403;24;216.22;203.78;17;0;1
3547502;210;201.03;196.65;138;2;17
3547601;223;190.52;194.36;155;4;10
3547650;29;278.47;283.15;27;0;1
3547700;185;176.53;173.59;113;4;10
3547809;6723;197.55;193.77;4297;105;435
3547908;99;204.78;200.1;66;1;4
3548005;285;198.12;196.42;199;0;10
3548054;103;222.69;220.66;77;0;2
3548104;119;231.72;230.8;97;0;2
3548203;130;219.77;219.46;99;1;5
3548302;42;175.94;166.85;27;0;1
3548401;52;219.83;218.4;42;1;0
3548500;2897;197.37;194.41;1747;84;254
3548609;120;253.88;265.59;99;2;9
3548708;6887;196.51;192.58;4373;108;433
3548807;1947;243.6;246.37;1346;44;194
3548906;2287;205.95;204.52;1558;32;123
3549003;41;249.06;251.61;34;2;0
3549102;818;206.47;207.42;573;8;36
3549201;23;189.3;202.73;17;0;1
3549250;21;255.5;252.85;18;0;2
3549300;24;251.55;255.51;21;0;1
3549409;586;208.95;205.3;433;5;18
3549508;150;187.31;182.65;113;1;3
3549607;87;150.53;150.95;47;2;3
3549706;566;224.56;222.09;443;4;20
3549805;3902;212.21;209.73;2738;54;214
3549904;8254;205.19;206.4;5671;92;333
3549953;245;206.7;209.4;174;2;12
3550001;178;205.52;209.94;136;2;2
3550100;508;173.37;171.22;318;7;17
3550209;519;222.5;223.62;417;2;7
3550308;69342;171.89;169.47;38134;1805;5240
3550407;388;202.02;199.01;255;3;24
3550506;111;215.38;213.35;82;2;2
3550605;928;194.98;193.83;619;9;28
3550704;1278;197.45;194.87;877;16;51
3550803;162;202.59;200.5;120;1;5
3550902;180;170.83;167.25;115;2;5
3551009;3852;184.24;181.22;2467;52;151
3551108;171;189.07;188.57;117;1;7
3551207;49;236.77;230.39;40;0;1
3551306;41;177.92;185.81;25;0;0
3551405;150;181.57;185.12;104;0;1
3551504;506;192.59;187.6;349;4;20
3551603;195;200.73;203.03;139;1;11
3551702;1426;231.66;232.82;1106;11;35
3551801;263;194.66;197.63;193;2;11
3551900;236;196.74;203.86;179;1;3
3552007;117;190.29;193.77;81;0;3
3552106;392;212.11;213.33;270;6;18
3552205;5765;198.9;196.14;3772;106;297
3552304;86;230.57;237.51;69;0;3
3552403;3606;194.66;192.51;2411;38;150
3552502;4497;195.4;192.36;3006;56;190
3552551;55;256.0;263.02;48;0;1
3552601;152;248.89;255.46;125;2;7
3552700;210;228.74;231.44;166;6;10
3552809;3411;205.77;200.88;2290;63;210
3552908;85;192.92;196.96;63;0;1
3553005;179;218.35;226.74;134;0;8
3553104;74;237.2;227.4;64;0;2
3553203;58;227.52;232.32;46;0;1
3553302;246;191.74;195.25;164;3;12
3553401;256;243.82;243.77;210;1;10
3553500;150;177.72;175.9;104;0;2
3553609;163;215.56;212.42;127;3;5
3553658;31;258.62;262.24;27;1;0
3553708;587;194.82;188.56;419;4;19
3553807;296;226.87;226.18;227;3;16
3553856;141;162.79;169.29;87;2;5
3553906;108;205.1;215.12;83;0;3
3553955;231;210.05;202.53;171;1;6
3554003;1437;198.23;195.38;997;18;70
3554102;3226;222.77;222.06;2414;41;139
3554201;86;190.4;193.76;61;0;3
3554300;316;209.5;209.16;222;3;22
3554409;138;270.43;277.08;118;0;2
3554508;409;204.07;206.28;297;0;14
3554607;35;227.07;235.37;29;0;1
3554656;42;178.65;180.2;24;1;0
3554706;101;226.14;224.21;78;1;2
3554755;25;248.6;250.36;23;0;0
3554805;406;233.88;232.17;320;2;18
3554904;73;228.45;230.09;61;1;5
3554953;82;182.73;186.66;57;0;1
3555000;748;208.7;207.31;554;9;36
3555109;112;209.81;215.42;79;0;5
3555307;23;253.56;251.85;18;0;2
3555356;89;250.29;245.05;81;0;4
3555406;914;192.5;190.12;621;11;45
3555505;65;158.48;162.56;38;1;1
3555604;120;246.51;253.57;105;1;0
3555703;28;182.97;190.19;21;0;0
3555802;105;250.1;247.96;91;1;4
3555901;21;173.59;165.28;14;0;1
3556008;117;223.4;242.97;92;1;2
3556107;169;198.76;193.82;124;1;4
3556206;1030;233.79;232.81;763;13;49
3556305;274;197.78;194.65;185;6;15
3556354;116;172.75;165.03;74;0;5
3556404;451;213.32;209.79;334;7;13
3556453;667;185.23;183.25;429;9;30
3556503;1459;210.18;203.82;1049;15;38
3556602;150;214.24;215.67;116;1;3
3556701;753;210.48;211.07;522;6;36
3556800;189;186.43;188.45;132;0;8
3556909;57;235.94;242.73;49;0;1
3556958;21;181.18;194.68;15;0;1
3557006;1273;210.41;208.81;901;10;54
3557105;779;210.82;211.04;561;9;35
3557154;27;180.33;188.72;17;0;2
3557204;144;179.87;177.06;101;0;2
3557303;157;166.11;165.84;95;0;3
6308748;16;214.35;225.57;1;11;0
6308789;34;260.78;264.68;1;25;4
6308794;50;244.99;270.73;1;38;1
6308813;29;0.0;0.0;0;0;0
6308827;12;128.0;126.04;8;0;0
6308879;24;229.63;234.53;2;12;5
6308886;12;150.16;149.17;7;0;0
6308897;48;275.81;283.79;4;33;7
6308898;19;252.29;238.9;0;12;4
6308904;17;124.35;127.38;8;0;0
6308939;23;291.13;302.01;0;21;0
6309003;18;228.49;236.38;0;12;2
6309007;28;258.22;268.2;0;22;2
6309020;103;183.58;187.53;30;26;5
6309046;48;95.52;96.8;18;0;1
6309114;20;186.87;182.58;0;11;2
6309150;31;294.04;319.66;0;27;2
6309159;14;101.71;103.48;5;0;0
6309160;70;0.0;0.0;0;0;0
6309214;69;126.23;137.37;0;27;0
6309215;14;166.7;165.23;9;0;0
6309261;77;0.0;0.0;0;0;0
6309269;38;207.24;216.59;8;17;3
6309271;59;0.0;0.0;0;0;0
6309273;19;223.65;237.72;2;9;4
6309284;20;0.0;0.0;0;0;0
6309287;23;226.01;247.72;0;16;0
6309289;442;252.87;264.77;15;320;22
6309345;14;174.79;177.67;9;0;0
